key,Year,Month,Day,TransactionID,Date,Amount,Class
70120151,2015,7,1,1,7/1/2015,$20.00 ,Withdrawal
70720152,2015,7,7,2,7/7/2015,$22.00 ,Food
70520153,2015,7,5,3,7/5/2015,$9.35 ,Food
70420154,2015,7,4,4,7/4/2015,$81.16 ,Groceries
71120155,2015,7,11,5,7/11/2015,$87.36 ,see Journal Entry
71120156,2015,7,11,6,7/11/2015,$10.81 ,Social
71020157,2015,7,10,7,7/10/2015,$6.26 ,Social
70920158,2015,7,9,8,7/9/2015,$7.00 ,Food
71120159,2015,7,11,9,7/11/2015,$4.14 ,Necessities
710201510,2015,7,10,10,7/10/2015,$7.00 ,Social
710201511,2015,7,10,11,7/10/2015,$3.00 ,Food
711201512,2015,7,11,12,7/11/2015,$5.22 ,Food
715201513,2015,7,15,13,7/15/2015,$28.00 ,see Journal Entry
713201514,2015,7,13,14,7/13/2015,$7.24 ,Food
715201515,2015,7,15,15,7/15/2015,$6.56 ,Food
701201516,2015,7,1,16,7/1/2015,$70.00 ,Parking Garage
714201517,2015,7,14,17,7/14/2015,$20.00 ,Withdrawal
717201518,2015,7,17,18,7/17/2015,$1.58 ,Food
717201519,2015,7,17,19,7/17/2015,$9.56 ,Social
718201520,2015,7,18,20,7/18/2015,$64.27 ,Groceries
721201521,2015,7,21,21,7/21/2015,$28.51 ,see Journal Entry
719201522,2015,7,19,22,7/19/2015,$8.67 ,Food
721201523,2015,7,21,23,7/21/2015,$7.74 ,Social
721201524,2015,7,21,24,7/21/2015,$30.00 ,Gas
722201525,2015,7,22,25,7/22/2015,$20.00 ,Necessities
723201526,2015,7,23,26,7/23/2015,$31.79 ,Big Skyy
726201527,2015,7,26,27,7/26/2015,$74.34 ,Groceries
725201528,2015,7,25,28,7/25/2015,$3.78 ,Social
725201529,2015,7,25,29,7/25/2015,$2.99 ,Social
725201530,2015,7,25,30,7/25/2015,$6.19 ,Groceries
726201531,2015,7,26,31,7/26/2015,$8.97 ,Netflix
731201532,2015,7,31,32,7/31/2015,$59.97 ,Eversource - Electric
725201533,2015,7,25,33,7/25/2015,$8.67 ,Food
728201534,2015,7,28,34,7/28/2015,$5.32 ,Food
731201535,2015,7,31,35,7/31/2015,$6.92 ,Food
730201536,2015,7,30,36,7/30/2015,$57.00 ,Food
731201537,2015,7,31,37,7/31/2015,$7.00 ,Social
811201538,2015,8,11,38,8/11/2015,($21.23),Variances
803201539,2015,8,3,39,8/3/2015,$50.63 ,Xfinity - Internet
73120151,2015,7,31,1,7/31/2015, $-   ,Withdrawal
80120152,2015,8,1,2,8/1/2015,$12.27 ,Social
73120153,2015,7,31,3,7/31/2015,$38.97 ,Social
80320154,2015,8,3,4,8/3/2015,$7.24 ,Food
80520155,2015,8,5,5,8/5/2015,$30.00 ,Necessities
80520156,2015,8,5,6,8/5/2015,$100.49 ,Groceries
80420157,2015,8,4,7,8/4/2015,$2.33 ,Food
80320158,2015,8,3,8,8/3/2015,$9.56 ,Food
80720159,2015,8,7,9,8/7/2015,$9.28 ,Groceries
803201510,2015,8,3,10,8/3/2015,$70.00 ,Parking Garage
808201511,2015,8,8,11,8/8/2015,$5.32 ,Food
814201512,2015,8,14,12,8/14/2015, $-   ,Withdrawal
817201513,2015,8,17,13,8/17/2015,$74.19 ,Groceries
818201514,2015,8,18,14,8/18/2015,$4.24 ,Necessities
814201515,2015,8,14,15,8/14/2015,$15.15 ,Food
809201516,2015,8,9,16,8/9/2015,$8.67 ,Food
809201517,2015,8,9,17,8/9/2015,$20.00 ,Withdrawal
816201518,2015,8,16,18,8/16/2015,$28.00 ,Social
815201519,2015,8,15,19,8/15/2015,$41.00 ,Social
813201520,2015,8,13,20,8/13/2015,$4.25 ,Social
815201521,2015,8,15,21,8/15/2015,$14.48 ,Social
816201522,2015,8,16,22,8/16/2015,$10.00 ,Social
816201523,2015,8,16,23,8/16/2015,$21.00 ,Social
815201524,2015,8,15,24,8/15/2015,$6.46 ,Food
901201525,2015,9,1,25,9/1/2015,$53.70 ,Eversource - Electric
901201526,2015,9,1,26,9/1/2015,$50.63 ,Xfinity - Internet
828201527,2015,8,28,27,8/28/2015, $-   ,Withdrawal
828201528,2015,8,28,28,8/28/2015,$8.11 ,Food
826201529,2015,8,26,29,8/26/2015,$5.94 ,Food
823201530,2015,8,23,30,8/23/2015,$52.07 ,Groceries
827201531,2015,8,27,31,8/27/2015,$32.00 ,Necessities
826201532,2015,8,26,32,8/26/2015,$12.00 ,Food
828201533,2015,8,28,33,8/28/2015,$3.52 ,Social
828201534,2015,8,28,34,8/28/2015,$21.25 ,Social
823201535,2015,8,23,35,8/23/2015,$3.23 ,Groceries
829201536,2015,8,29,36,8/29/2015,$2.75 ,Food
829201537,2015,8,29,37,8/29/2015,$5.72 ,Food
827201538,2015,8,27,38,8/27/2015,$5.18 ,Food
826201539,2015,8,26,39,8/26/2015,$6.00 ,Social
827201540,2015,8,27,40,8/27/2015,$4.17 ,Food
821201541,2015,8,21,41,8/21/2015,$16.00 ,Social
820201542,2015,8,20,42,8/20/2015,$2.44 ,Food
826201543,2015,8,26,43,8/26/2015,$8.07 ,Netflix
823201544,2015,8,23,44,8/23/2015,$31.79 ,Big Skyy
822201545,2015,8,22,45,8/22/2015, $-   ,Unknown
823201546,2015,8,23,46,8/23/2015,$31.79 ,Necessities
92920151,2015,9,29,1,9/29/2015,$8.07 ,Netflix
93020152,2015,9,30,2,9/30/2015,$26.99 ,Big Skyy
92520153,2015,9,25,3,9/25/2015,$46.61 ,Eversource - Electric
93020154,2015,9,30,4,9/30/2015,$50.63 ,Xfinity - Internet
93020155,2015,9,30,5,9/30/2015,$70.00 ,Parking Garage
83020156,2015,8,30,6,8/30/2015,$43.78 ,Groceries
83020157,2015,8,30,7,8/30/2015,$10.00 ,Groceries
90120158,2015,9,1,8,9/1/2015,$7.43 ,Food
90120159,2015,9,1,9,9/1/2015,$2.33 ,Food
830201510,2015,8,30,10,8/30/2015,$15.19 ,Necessities
901201511,2015,9,1,11,9/1/2015,$9.79 ,Necessities
902201512,2015,9,2,12,9/2/2015,$3.83 ,Food
903201513,2015,9,3,13,9/3/2015,$3.00 ,Social
904201514,2015,9,4,14,9/4/2015,$1.05 ,Food
904201515,2015,9,4,15,9/4/2015,$5.64 ,Food
906201516,2015,9,6,16,9/6/2015,$15.31 ,Social
906201517,2015,9,6,17,9/6/2015,$20.00 ,Social
905201518,2015,9,5,18,9/5/2015,$20.00 ,Necessities
908201519,2015,9,8,19,9/8/2015,$1.05 ,Food
907201520,2015,9,7,20,9/7/2015,$76.94 ,Groceries
907201521,2015,9,7,21,9/7/2015,$4.15 ,Food
907201522,2015,9,7,22,9/7/2015,$31.00 ,Necessities
909201523,2015,9,9,23,9/9/2015,$2.32 ,Food
913201524,2015,9,13,24,9/13/2015,$48.41 ,Groceries
913201525,2015,9,13,25,9/13/2015,$15.80 ,Groceries
911201526,2015,9,11,26,9/11/2015,$117.00 ,Unknown
918201527,2015,9,18,27,9/18/2015,$5.00 ,Social
918201528,2015,9,18,28,9/18/2015,$6.50 ,Social
918201529,2015,9,18,29,9/18/2015,$6.00 ,Social
918201530,2015,9,18,30,9/18/2015,$5.47 ,Food
917201531,2015,9,17,31,9/17/2015,$3.92 ,Food
920201532,2015,9,20,32,9/20/2015,$6.97 ,Groceries
918201533,2015,9,18,33,9/18/2015,$9.50 ,Food
920201534,2015,9,20,34,9/20/2015,$78.01 ,Groceries
920201535,2015,9,20,35,9/20/2015,$15.55 ,Necessities
920201536,2015,9,20,36,9/20/2015,$18.05 ,Social
917201537,2015,9,17,37,9/17/2015,$120.00 ,Unknown
923201538,2015,9,23,38,9/23/2015,$4.65 ,Food
923201539,2015,9,23,39,9/23/2015,$3.38 ,Food
924201540,2015,9,24,40,9/24/2015,$2.32 ,Food
927201541,2015,9,27,41,9/27/2015,$75.87 ,Groceries
925201542,2015,9,25,42,9/25/2015,$18.00 ,Necessities
925201543,2015,9,25,43,9/25/2015,$1.05 ,Food
929201544,2015,9,29,44,9/29/2015,$20.00 ,Necessities
928201545,2015,9,28,45,9/28/2015,$7.48 ,Groceries
1228201546,2015,12,28,46,12/28/2015,$41.48 ,Big Skyy
102820151,2015,10,28,1,10/28/2015,$8.07 ,Netflix
102820152,2015,10,28,2,10/28/2015,$26.99 ,Big Skyy
110820153,2015,11,8,3,11/8/2015,$36.01 ,Eversource - Electric
100520154,2015,10,5,4,10/5/2015,$50.63 ,Xfinity - Internet
100820155,2015,10,8,5,10/8/2015,$95.40 ,Parking Garage
103120156,2015,10,31,6,10/31/2015,$59.00 ,Unknown
100820157,2015,10,8,7,10/8/2015,$18.92 ,Necessities
100820158,2015,10,8,8,10/8/2015,$39.80 ,Necessities
100420159,2015,10,4,9,10/4/2015,$60.50 ,Groceries
1004201510,2015,10,4,10,10/4/2015,$13.70 ,Social
1003201511,2015,10,3,11,10/3/2015,$30.00 ,Social
1004201512,2015,10,4,12,10/4/2015,$4.15 ,Food
930201513,2015,9,30,13,9/30/2015,$31.02 ,Necessities
1031201514,2015,10,31,14,10/31/2015,$4.75 ,Food
1001201515,2015,10,1,15,10/1/2015,$25.51 ,Social
1001201516,2015,10,1,16,10/1/2015,$11.94 ,Food
1031201517,2015,10,31,17,10/31/2015,$16.00 ,Social
1031201518,2015,10,31,18,10/31/2015, $-   ,Social
1005201519,2015,10,5,19,10/5/2015,$40.00 ,Withdrawal
1007201520,2015,10,7,20,10/7/2015,$5.94 ,Food
1008201521,2015,10,8,21,10/8/2015,$2.97 ,Food
1002201522,2015,10,2,22,10/2/2015,$8.50 ,Unknown
1009201523,2015,10,9,23,10/9/2015,$4.45 ,Food
1010201524,2015,10,10,24,10/10/2015,$14.57 ,Food
1016201525,2015,10,16,25,10/16/2015,$11.06 ,Food
1009201526,2015,10,9,26,10/9/2015,$24.00 ,Food
1009201527,2015,10,9,27,10/9/2015,$5.94 ,Necessities
1010201528,2015,10,10,28,10/10/2015,$51.90 ,Groceries
1008201529,2015,10,8,29,10/8/2015,$10.00 ,Food
1016201530,2015,10,16,30,10/16/2015,$8.67 ,Food
1017201531,2015,10,17,31,10/17/2015,$13.00 ,Food
1018201532,2015,10,18,32,10/18/2015,$75.51 ,Groceries
1019201533,2015,10,19,33,10/19/2015,$5.94 ,Food
1020201534,2015,10,20,34,10/20/2015,$2.97 ,Food
1024201535,2015,10,24,35,10/24/2015,$7.51 ,Food
1022201536,2015,10,22,36,10/22/2015,$7.95 ,Necessities
1023201537,2015,10,23,37,10/23/2015,$1.27 ,Food
1015201538,2015,10,15,38,10/15/2015,$7.61 ,Food
1018201539,2015,10,18,39,10/18/2015,$24.00 ,Social
1016201540,2015,10,16,40,10/16/2015,$2.78 ,Social
1022201541,2015,10,22,41,10/22/2015,$1.27 ,Social
1025201542,2015,10,25,42,10/25/2015,$9.42 ,Groceries
1025201543,2015,10,25,43,10/25/2015,$57.86 ,Groceries
1023201544,2015,10,23,44,10/23/2015,$29.00 ,Necessities
1024201545,2015,10,24,45,10/24/2015,$7.48 ,Social
1025201546,2015,10,25,46,10/25/2015,$6.51 ,Food
1022201547,2015,10,22,47,10/22/2015,$9.12 ,Food
1025201548,2015,10,25,48,10/25/2015,$2.75 ,Food
1022201549,2015,10,22,49,10/22/2015,$6.00 ,Necessities
1026201550,2015,10,26,50,10/26/2015,$12.76 ,Groceries
1026201551,2015,10,26,51,10/26/2015,$65.64 ,Necessities
1030201552,2015,10,30,52,10/30/2015,$110.00 ,Food
1029201553,2015,10,29,53,10/29/2015,$17.02 ,Social
1031201554,2015,10,31,54,10/31/2015,$60.00 ,Social
1031201555,2015,10,31,55,10/31/2015,$8.67 ,Food
1031201556,2015,10,31,56,10/31/2015,$25.51 ,Social
1031201557,2015,10,31,57,10/31/2015,$8.93 ,Social
1101201558,2015,11,1,58,11/1/2015,$15.22 ,Necessities
1101201559,2015,11,1,59,11/1/2015,$4.56 ,Food
1101201560,2015,11,1,60,11/1/2015,$1.48 ,Food
1031201561,2015,10,31,61,10/31/2015,$20.00 ,Social
1031201562,2015,10,31,62,10/31/2015,$12.00 ,Social
1028201563,2015,10,28,63,10/28/2015,$9.32 ,Food
112620151,2015,11,26,1,11/26/2015,$8.07 ,Netflix
112420152,2015,11,24,2,11/24/2015,$31.79 ,Big Skyy
113020153,2015,11,30,3,11/30/2015,$34.46 ,Eversource - Electric
110420154,2015,11,4,4,11/4/2015,$50.63 ,Xfinity - Internet
111120155,2015,11,11,5,11/11/2015,$95.40 ,Parking Garage
110520156,2015,11,5,6,11/5/2015,$39.84 ,Necessities
110420157,2015,11,4,7,11/4/2015,$16.99 ,Necessities
110620158,2015,11,6,8,11/6/2015,$8.93 ,New York City Trip
110220159,2015,11,2,9,11/2/2015,$21.00 ,Boston Conference
1101201510,2015,11,1,10,11/1/2015,$65.60 ,Groceries
1103201511,2015,11,3,11,11/3/2015,$20.00 ,Boston Conference
1106201512,2015,11,6,12,11/6/2015,$10.00 ,New York City Trip
1107201513,2015,11,7,13,11/7/2015,$32.81 ,Necessities
1106201514,2015,11,6,14,11/6/2015,$46.00 ,New York City Trip
1108201515,2015,11,8,15,11/8/2015,$64.41 ,Groceries
1106201516,2015,11,6,16,11/6/2015,$23.00 ,New York City Trip
1107201517,2015,11,7,17,11/7/2015,$8.25 ,Social
1106201518,2015,11,6,18,11/6/2015,$12.00 ,New York City Trip
1110201519,2015,11,10,19,11/10/2015,$76.78 ,Necessities
1110201520,2015,11,10,20,11/10/2015,$3.81 ,Food
1114201521,2015,11,14,21,11/14/2015,$76.32 ,Groceries
1115201522,2015,11,15,22,11/15/2015,$25.46 ,Groceries
1116201523,2015,11,16,23,11/16/2015,$5.99 ,Groceries
1116201525,2015,11,16,25,11/16/2015,$10.00 ,Necessities
1113201526,2015,11,13,26,11/13/2015,$2.97 ,Food
1113201527,2015,11,13,27,11/13/2015,$1.48 ,Food
1119201528,2015,11,19,28,11/19/2015,($125.13),Boston Conference
1119201529,2015,11,19,29,11/19/2015,$3.00 ,Necessities
1119201530,2015,11,19,30,11/19/2015,$30.00 ,Necessities
1121201531,2015,11,21,31,11/21/2015,$10.08 ,Food
1114201532,2015,11,14,32,11/14/2015,$60.00 ,Withdrawal
1124201533,2015,11,24,33,11/24/2015,$25.00 ,Necessities
1124201534,2015,11,24,34,11/24/2015,$2.65 ,Social
1125201535,2015,11,25,35,11/25/2015,$3.39 ,Food
1122201536,2015,11,22,36,11/22/2015,$7.60 ,Necessities
1125201537,2015,11,25,37,11/25/2015,$6.38 ,Social
1125201538,2015,11,25,38,11/25/2015,$20.00 ,Withdrawal
1129201539,2015,11,29,39,11/29/2015,$18.70 ,Food
1130201540,2015,11,30,40,11/30/2015,$5.97 ,Food
1130201541,2015,11,30,41,11/30/2015,$2.97 ,Food
1129201542,2015,11,29,42,11/29/2015,$10.17 ,Food
1129201543,2015,11,29,43,11/29/2015,$20.69 ,Necessities
122820151,2015,12,28,1,12/28/2015,$8.07 ,Netflix
122720152,2015,12,27,2,12/27/2015,$31.79 ,Big Skyy
11420163,2016,1,14,3,1/14/2016,$40.03 ,Eversource - Electric
120420154,2015,12,4,4,12/4/2015,$50.63 ,Xfinity - Internet
120220155,2015,12,2,5,12/2/2015,$95.40 ,Parking Garage
120420156,2015,12,4,6,12/4/2015,$2.53 ,Food
120520157,2015,12,5,7,12/5/2015,$5.08 ,Food
120620158,2015,12,6,8,12/6/2015,$379.01 ,Me Spending
120520159,2015,12,5,9,12/5/2015,$14.00 ,Food
1206201510,2015,12,6,10,12/6/2015,$10.60 ,Food
1206201511,2015,12,6,11,12/6/2015,$12.45 ,Groceries
1206201512,2015,12,6,12,12/6/2015,$4.98 ,Food
1231201613,2016,12,31,13,12/31/2016,$10.06 ,Necessities
1206201514,2015,12,6,14,12/6/2015,$12.58 ,Groceries
1130201515,2015,11,30,15,11/30/2015,$19.28 ,Groceries
1130201516,2015,11,30,16,11/30/2015,$66.87 ,Groceries
1130201517,2015,11,30,17,11/30/2015,$27.50 ,Necessities
1204201518,2015,12,4,18,12/4/2015,$55.00 ,Food
1206201519,2015,12,6,19,12/6/2015,$29.78 ,Friends Spending
1207201520,2015,12,7,20,12/7/2015,$57.63 ,Me Spending
1206201521,2015,12,6,21,12/6/2015,$55.17 ,Groceries
1207201522,2015,12,7,22,12/7/2015,$31.63 ,Friends Spending
1202201523,2015,12,2,23,12/2/2015,$43.85 ,Me Spending
1210201525,2015,12,10,25,12/10/2015,$16.54 ,Social
1211201526,2015,12,11,26,12/11/2015,$6.00 ,Social
1210201527,2015,12,10,27,12/10/2015,$4.45 ,Food
1213201528,2015,12,13,28,12/13/2015,$96.04 ,Groceries
1213201529,2015,12,13,29,12/13/2015,$8.91 ,Food
1212201530,2015,12,12,30,12/12/2015,$2.33 ,Social
1212201531,2015,12,12,31,12/12/2015,$7.30 ,Social
1213201532,2015,12,13,32,12/13/2015,$8.10 ,Groceries
1220201533,2015,12,20,33,12/20/2015,$110.54 ,Me Spending
1220201534,2015,12,20,34,12/20/2015,$75.00 ,Social
1219201535,2015,12,19,35,12/19/2015,$30.69 ,Necessities
1219201536,2015,12,19,36,12/19/2015,$27.00 ,Travel
1219201537,2015,12,19,37,12/19/2015,$31.82 ,Groceries
1217201538,2015,12,17,38,12/17/2015,$9.12 ,Food
1218201539,2015,12,18,39,12/18/2015,$5.70 ,Food
1219201540,2015,12,19,40,12/19/2015,$25.00 ,Food
1215201541,2015,12,15,41,12/15/2015,$19.18 ,Social
1218201542,2015,12,18,42,12/18/2015,$11.48 ,Food
1222201543,2015,12,22,43,12/22/2015,$14.06 ,Friends Spending
1222201544,2015,12,22,44,12/22/2015,$4.69 ,Friends Spending
1222201545,2015,12,22,45,12/22/2015,$13.20 ,Friends Spending
1222201546,2015,12,22,46,12/22/2015,$8.90 ,Friends Spending
1222201547,2015,12,22,47,12/22/2015,$27.88 ,Friends Spending
1231201548,2015,12,31,48,12/31/2015, $-   ,Friends Spending
1221201549,2015,12,21,49,12/21/2015,$4.98 ,Food
1217201550,2015,12,17,50,12/17/2015,$22.80 ,Friends Spending
1229201551,2015,12,29,51,12/29/2015,$53.19 ,Friends Spending
1222201552,2015,12,22,52,12/22/2015,$49.00 ,Me Spending
1229201553,2015,12,29,53,12/29/2015,$15.00 ,Friends Spending
1226201554,2015,12,26,54,12/26/2015,$20.00 ,New Years Spending
1220201555,2015,12,20,55,12/20/2015,$1.00 ,Social
1222201556,2015,12,22,56,12/22/2015,$8.30 ,New Years Spending
1222201557,2015,12,22,57,12/22/2015,$32.44 ,New Years Spending
1226201558,2015,12,26,58,12/26/2015,$13.50 ,New Years Spending
1230201559,2015,12,30,59,12/30/2015, $-   ,Travel
1230201560,2015,12,30,60,12/30/2015,$28.98 ,New Years Spending
1230201561,2015,12,30,61,12/30/2015,$10.19 ,Necessities
1228201562,2015,12,28,62,12/28/2015,$12.21 ,Food
1231201663,2016,12,31,63,12/31/2016,($42.82),Cashback Bonus
1225201664,2016,12,25,64,12/25/2016,$2.09 ,New Years Spending
1230201665,2016,12,30,65,12/30/2016,$11.21 ,Travel
10120161,2016,1,1,1,1/1/2016,$8.07 ,Netflix
10120162,2016,1,1,2,1/1/2016,$31.79 ,Big Skyy
10120163,2016,1,1,3,1/1/2016,$39.72 ,Eversource - Electric
10120164,2016,1,1,4,1/1/2016,$50.63 ,Xfinity - Internet
10120165,2016,1,1,5,1/1/2016,$95.40 ,Parking Garage
10120166,2016,1,1,6,1/1/2016, $-   ,Cell Phone Plan
10120167,2016,1,1,7,1/1/2016, $-   ,Car Insurance
123120168,2016,12,31,8,12/31/2016,$28.06 ,Groceries
10320169,2016,1,3,9,1/3/2016,$59.39 ,Groceries
102201610,2016,1,2,10,1/2/2016,$13.77 ,Travel
102201611,2016,1,2,11,1/2/2016,$8.34 ,Food
1231201612,2016,12,31,12,12/31/2016,$25.89 ,Social
1231201613,2016,12,31,13,12/31/2016,$28.74 ,Necessities
103201614,2016,1,3,14,1/3/2016,$13.37 ,Weekly Groceries
105201615,2016,1,5,15,1/5/2016,$4.13 ,Food
107201616,2016,1,7,16,1/7/2016,$9.76 ,Food
105201617,2016,1,5,17,1/5/2016,$1.37 ,Food
109201618,2016,1,9,18,1/9/2016,$19.14 ,Social
110201619,2016,1,10,19,1/10/2016,$51.48 ,Groceries
110201620,2016,1,10,20,1/10/2016,$95.79 ,Groceries
117201621,2016,1,17,21,1/17/2016,$22.98 ,Necessities
117201622,2016,1,17,22,1/17/2016,$11.70 ,Food
116201623,2016,1,16,23,1/16/2016,$8.00 ,Travel
114201625,2016,1,14,25,1/14/2016,$60.00 ,Necessities
119201626,2016,1,19,26,1/19/2016,$38.09 ,Groceries
124201627,2016,1,24,27,1/24/2016,$12.87 ,Travel
124201628,2016,1,24,28,1/24/2016,$7.84 ,Groceries
122201629,2016,1,22,29,1/22/2016,$9.35 ,Food
123201630,2016,1,23,30,1/23/2016,$8.20 ,Groceries
123201631,2016,1,23,31,1/23/2016,$26.96 ,Groceries
118201632,2016,1,18,32,1/18/2016,$18.00 ,Travel
124201633,2016,1,24,33,1/24/2016,$48.88 ,Groceries
127201634,2016,1,27,34,1/27/2016,$31.00 ,Travel
127201635,2016,1,27,35,1/27/2016,$60.00 ,Travel
130201636,2016,1,30,36,1/30/2016,$25.88 ,Necessities
126201637,2016,1,26,37,1/26/2016,$2.22 ,Food
129201638,2016,1,29,38,1/29/2016,$4.40 ,Necessities
129201639,2016,1,29,39,1/29/2016,$5.94 ,Food
130201640,2016,1,30,40,1/30/2016,$5.05 ,Necessities
131201641,2016,1,31,41,1/31/2016,$100.00 ,Variances
22820161,2016,2,28,1,2/28/2016,$8.07 ,Netflix
22720162,2016,2,27,2,2/27/2016,$31.79 ,Big Skyy
31520163,2016,3,15,3,3/15/2016,$45.88 ,Eversource - Electric
20320164,2016,2,3,4,2/3/2016,$50.63 ,Xfinity - Internet
20320165,2016,2,3,5,2/3/2016,$95.40 ,Parking Garage
22820166,2016,2,28,6,2/28/2016, $-   ,Cell Phone Plan
22820167,2016,2,28,7,2/28/2016, $-   ,Car Insurance
13120168,2016,1,31,8,1/31/2016,$94.09 ,Groceries
13120169,2016,1,31,9,1/31/2016,$9.38 ,Necessities
131201610,2016,1,31,10,1/31/2016,$17.98 ,Groceries
201201611,2016,2,1,11,2/1/2016,$27.00 ,Necessities
206201612,2016,2,6,12,2/6/2016,$45.43 ,Social
207201613,2016,2,7,13,2/7/2016,$101.41 ,Groceries
206201614,2016,2,6,14,2/6/2016,$26.93 ,Groceries
211201615,2016,2,11,15,2/11/2016,$51.00 ,Variances
211201616,2016,2,11,16,2/11/2016,$4.28 ,Necessities
210201617,2016,2,10,17,2/10/2016,$5.75 ,Travel
210201618,2016,2,10,18,2/10/2016,$25.00 ,Travel
208201619,2016,2,8,19,2/8/2016,$5.49 ,Necessities
207201620,2016,2,7,20,2/7/2016,$19.48 ,Groceries
212201621,2016,2,12,21,2/12/2016,$100.00 ,Variances
214201622,2016,2,14,22,2/14/2016,$67.37 ,Groceries
213201623,2016,2,13,23,2/13/2016,$25.35 ,Groceries
213201624,2016,2,13,24,2/13/2016,$29.54 ,Groceries
218201625,2016,2,18,25,2/18/2016,$20.00 ,Necessities
228201626,2016,2,28,26,2/28/2016,($125.61),Variances
219201627,2016,2,19,27,2/19/2016,$4.95 ,Food
213201628,2016,2,13,28,2/13/2016,$8.32 ,Variances
220201629,2016,2,20,29,2/20/2016,$15.00 ,Food
221201630,2016,2,21,30,2/21/2016,$187.35 ,Medical
220201631,2016,2,20,31,2/20/2016,$57.32 ,Groceries
219201632,2016,2,19,32,2/19/2016,$8.00 ,Social
219201633,2016,2,19,33,2/19/2016,$8.24 ,Food
219201634,2016,2,19,34,2/19/2016,$19.41 ,Groceries
218201635,2016,2,18,35,2/18/2016,$1.48 ,Food
219201636,2016,2,19,36,2/19/2016,$1.48 ,Food
218201637,2016,2,18,37,2/18/2016,$1.48 ,Food
223201638,2016,2,23,38,2/23/2016,$1.48 ,Food
221201639,2016,2,21,39,2/21/2016,$5.40 ,Food
221201640,2016,2,21,40,2/21/2016,$1.65 ,Necessities
222201641,2016,2,22,41,2/22/2016,$5.94 ,Food
223201642,2016,2,23,42,2/23/2016,$5.79 ,Food
228201643,2016,2,28,43,2/28/2016,$6.77 ,Food
223201644,2016,2,23,44,2/23/2016,$7.09 ,Groceries
227201645,2016,2,27,45,2/27/2016,$11.99 ,Necessities
227201646,2016,2,27,46,2/27/2016,$39.59 ,Groceries
228201647,2016,2,28,47,2/28/2016,$18.63 ,Groceries
226201648,2016,2,26,48,2/26/2016,$38.00 ,Social
229201649,2016,2,29,49,2/29/2016,$80.98 ,Groceries
202201650,2016,2,2,50,2/2/2016,$1.00 ,Social
226201651,2016,2,26,51,2/26/2016,$4.99 ,Social
228201652,2016,2,28,52,2/28/2016,$104.98 ,Necessities
33020161,2016,3,30,1,3/30/2016,$8.07 ,Netflix
33020162,2016,3,30,2,3/30/2016,$31.79 ,Big Skyy
33020163,2016,3,30,3,3/30/2016,$43.55 ,Eversource - Electric
33020164,2016,3,30,4,3/30/2016,$50.63 ,Xfinity - Internet
33020165,2016,3,30,5,3/30/2016,$90.60 ,Parking Garage
50320166,2016,5,3,6,5/3/2016,$32.00 ,Cell Phone Plan
50320167,2016,5,3,7,5/3/2016,$68.00 ,Car Insurance
22420168,2016,2,24,8,2/24/2016,$21.50 ,Necessities
20420169,2016,2,4,9,2/4/2016,$83.70 ,Travel
228201610,2016,2,28,10,2/28/2016,$4.03 ,Unknown
301201611,2016,3,1,11,3/1/2016,$2.65 ,Food
302201612,2016,3,2,12,3/2/2016,"$1,354.45 ",Medical
305201613,2016,3,5,13,3/5/2016,$3.90 ,Travel
303201614,2016,3,3,14,3/3/2016,$4.03 ,Unknown
301201615,2016,3,1,15,3/1/2016,$20.00 ,Social
307201616,2016,3,7,16,3/7/2016,$28.55 ,Medical
229201617,2016,2,29,17,2/29/2016,$2.69 ,Groceries
306201618,2016,3,6,18,3/6/2016,$78.50 ,Travel
306201619,2016,3,6,19,3/6/2016,$4.99 ,Travel
301201620,2016,3,1,20,3/1/2016,$21.99 ,Necessities
301201621,2016,3,1,21,3/1/2016,$7.49 ,Necessities
304201622,2016,3,4,22,3/4/2016,$17.00 ,Travel
305201623,2016,3,5,23,3/5/2016,$22.87 ,Travel
306201624,2016,3,6,24,3/6/2016,$6.95 ,Travel
307201625,2016,3,7,25,3/7/2016,$9.00 ,Travel
306201626,2016,3,6,26,3/6/2016,$4.50 ,Travel
306201627,2016,3,6,27,3/6/2016,$7.47 ,Travel
305201628,2016,3,5,28,3/5/2016,$2.39 ,Travel
306201629,2016,3,6,29,3/6/2016,$2.00 ,Travel
304201630,2016,3,4,30,3/4/2016,$39.71 ,Travel
304201631,2016,3,4,31,3/4/2016,$193.70 ,Variances
308201632,2016,3,8,32,3/8/2016,$9.75 ,Food
307201633,2016,3,7,33,3/7/2016,$88.11 ,Groceries
307201634,2016,3,7,34,3/7/2016,$2.07 ,Food
309201635,2016,3,9,35,3/9/2016,$20.00 ,Withdrawal
310201636,2016,3,10,36,3/10/2016,$31.88 ,Social
401201537,2015,4,1,37,4/1/2015,$37.00 ,Travel
304201638,2016,3,4,38,3/4/2016,$9.98 ,Social
313201639,2016,3,13,39,3/13/2016,$42.37 ,Groceries
316201640,2016,3,16,40,3/16/2016,$4.03 ,Unknown
312201641,2016,3,12,41,3/12/2016,$37.00 ,Travel
318201642,2016,3,18,42,3/18/2016,$10.00 ,Travel
312201643,2016,3,12,43,3/12/2016,$5.00 ,Travel
312201644,2016,3,12,44,3/12/2016,$5.00 ,Travel
313201645,2016,3,13,45,3/13/2016,$3.73 ,Travel
316201646,2016,3,16,46,3/16/2016,$23.00 ,Necessities
317201647,2016,3,17,47,3/17/2016,$21.99 ,Necessities
312201648,2016,3,12,48,3/12/2016,$18.28 ,Groceries
312201649,2016,3,12,49,3/12/2016,$6.73 ,Travel
310201650,2016,3,10,50,3/10/2016,$12.00 ,Social
311201651,2016,3,11,51,3/11/2016,$62.00 ,Social
318201652,2016,3,18,52,3/18/2016,$7.75 ,Food
319201653,2016,3,19,53,3/19/2016,$104.70 ,Social
319201654,2016,3,19,54,3/19/2016,$8.06 ,Travel
316201655,2016,3,16,55,3/16/2016,$10.25 ,Necessities
320201656,2016,3,20,56,3/20/2016,$34.93 ,Groceries
319201657,2016,3,19,57,3/19/2016,$4.98 ,Food
326201658,2016,3,26,58,3/26/2016,$3.70 ,Food
323201659,2016,3,23,59,3/23/2016,$10.75 ,Groceries
328201660,2016,3,28,60,3/28/2016,$812.68 ,Medical
328201661,2016,3,28,61,3/28/2016,$16.00 ,Travel
325201662,2016,3,25,62,3/25/2016,$8.96 ,Travel
326201663,2016,3,26,63,3/26/2016,$22.98 ,Groceries
326201664,2016,3,26,64,3/26/2016,$2.00 ,Groceries
331201665,2016,3,31,65,3/31/2016,$1.00 ,Necessities
331201666,2016,3,31,66,3/31/2016,($43.45),Travel
324201667,2016,3,24,67,3/24/2016,$2.73 ,Food
42620161,2016,4,26,1,4/26/2016,$31.79 ,Big Skyy
42120162,2016,4,21,2,4/21/2016,$41.38 ,Eversource - Electric
40420163,2016,4,4,3,4/4/2016,$50.63 ,Xfinity - Internet
40120164,2016,4,1,4,4/1/2016,$49.60 ,Parking Garage
50420165,2016,5,4,5,5/4/2016,$32.00 ,Cell Phone Plan
50420166,2016,5,4,6,5/4/2016,$68.00 ,Car Insurance
32820167,2016,3,28,7,3/28/2016,$65.25 ,Groceries
32820168,2016,3,28,8,3/28/2016,$3.81 ,Food
32820169,2016,3,28,9,3/28/2016,$6.36 ,Food
331201610,2016,3,31,10,3/31/2016,$3.29 ,Food
404201611,2016,4,4,11,4/4/2016,$5.91 ,Food
411201612,2016,4,11,12,4/11/2016,$8.23 ,Food
408201613,2016,4,8,13,4/8/2016,$25.00 ,Variances
410201614,2016,4,10,14,4/10/2016,$33.63 ,Groceries
402201615,2016,4,2,15,4/2/2016,$24.50 ,Groceries
402201616,2016,4,2,16,4/2/2016,$7.33 ,Social
402201617,2016,4,2,17,4/2/2016,$11.99 ,Necessities
409201618,2016,4,9,18,4/9/2016,$29.00 ,Necessities
410201619,2016,4,10,19,4/10/2016,$50.83 ,Groceries
403201620,2016,4,3,20,4/3/2016,$4.45 ,Food
404201621,2016,4,4,21,4/4/2016,$10.07 ,Social
403201622,2016,4,3,22,4/3/2016,$6.50 ,Social
406201623,2016,4,6,23,4/6/2016,$5.07 ,Necessities
409201624,2016,4,9,24,4/9/2016,$44.97 ,Necessities
430201625,2016,4,30,25,4/30/2016,($64.21),Variances
408201626,2016,4,8,26,4/8/2016,$67.15 ,Travel
410201627,2016,4,10,27,4/10/2016,$296.07 ,Medical
411201628,2016,4,11,28,4/11/2016,$10.00 ,Unknown
404201629,2016,4,4,29,4/4/2016,$165.77 ,Medical
416201630,2016,4,16,30,4/16/2016,$90.00 ,Variances
414201631,2016,4,14,31,4/14/2016,$20.12 ,Medical
417201632,2016,4,17,32,4/17/2016,$20.00 ,Travel
416201633,2016,4,16,33,4/16/2016,$20.50 ,Travel
417201634,2016,4,17,34,4/17/2016,$20.00 ,Travel
417201635,2016,4,17,35,4/17/2016,$7.89 ,Medical
414201636,2016,4,14,36,4/14/2016,$20.00 ,Withdrawal
416201637,2016,4,16,37,4/16/2016,$2.99 ,Food
417201638,2016,4,17,38,4/17/2016,$75.32 ,Groceries
415201639,2016,4,15,39,4/15/2016,$8.37 ,Variances
411201640,2016,4,11,40,4/11/2016,$2.01 ,Food
418201641,2016,4,18,41,4/18/2016,$4.33 ,Food
408201642,2016,4,8,42,4/8/2016,$3.31 ,Social
409201643,2016,4,9,43,4/9/2016,$9.66 ,Social
413201644,2016,4,13,44,4/13/2016,$3.07 ,Food
419201645,2016,4,19,45,4/19/2016,$6.00 ,Necessities
419201646,2016,4,19,46,4/19/2016,($6.00),Necessities
418201647,2016,4,18,47,4/18/2016,$3.81 ,Food
425201648,2016,4,25,48,4/25/2016,$3.85 ,Food
425201649,2016,4,25,49,4/25/2016,$8.70 ,Food
424201650,2016,4,24,50,4/24/2016,$13.50 ,Social
423201651,2016,4,23,51,4/23/2016,$31.88 ,Social
421201652,2016,4,21,52,4/21/2016,$18.56 ,Variances
427201653,2016,4,27,53,4/27/2016,$13.84 ,Social
424201654,2016,4,24,54,4/24/2016,$74.68 ,Groceries
427201655,2016,4,27,55,4/27/2016,$37.75 ,Groceries
429201656,2016,4,29,56,4/29/2016,$8.70 ,Food
428201657,2016,4,28,57,4/28/2016,$2.01 ,Food
405201658,2016,4,5,58,4/5/2016,$10.00 ,Variances
430201659,2016,4,30,59,4/30/2016,$6.50 ,Social
430201660,2016,4,30,60,4/30/2016,$1.58 ,Social
430201661,2016,4,30,61,4/30/2016,($11.89),Variances
418201662,2016,4,18,62,4/18/2016,$6.00 ,Travel
418201663,2016,4,18,63,4/18/2016,$2.75 ,Travel
414201664,2016,4,14,64,4/14/2016,$2.99 ,Necessities
407201665,2016,4,7,65,4/7/2016,$4.48 ,Necessities
405201666,2016,4,5,66,4/5/2016,$20.99 ,Variances
405201667,2016,4,5,67,4/5/2016,$7.79 ,Variances
52320161,2016,5,23,1,5/23/2016,$31.79 ,Big Skyy
51720162,2016,5,17,2,5/17/2016,$35.80 ,Eversource - Electric
50620163,2016,5,6,3,5/6/2016,$50.63 ,Xfinity - Internet
50320164,2016,5,3,4,5/3/2016,$96.40 ,Parking Garage
53020165,2016,5,30,5,5/30/2016,$32.00 ,Cell Phone Plan
53020166,2016,5,30,6,5/30/2016,$68.00 ,Car Insurance
50320167,2016,5,3,7,5/3/2016,$385.33 ,Medical
50220168,2016,5,2,8,5/2/2016,$15.84 ,Necessities
50220169,2016,5,2,9,5/2/2016,$12.75 ,Variances
505201610,2016,5,5,10,5/5/2016,$49.04 ,Medical
507201611,2016,5,7,11,5/7/2016,$67.00 ,Variances
503201612,2016,5,3,12,5/3/2016,$5.56 ,Food
501201613,2016,5,1,13,5/1/2016,$22.95 ,Groceries
501201614,2016,5,1,14,5/1/2016,$2.35 ,Food
430201615,2016,4,30,15,4/30/2016,$1.58 ,Social
506201616,2016,5,6,16,5/6/2016,$28.69 ,Social
507201617,2016,5,7,17,5/7/2016,$31.00 ,Groceries
508201618,2016,5,8,18,5/8/2016,$28.91 ,Groceries
428201619,2016,4,28,19,4/28/2016,$2.44 ,Food
508201620,2016,5,8,20,5/8/2016,$34.01 ,Groceries
508201621,2016,5,8,21,5/8/2016,$49.20 ,Groceries
509201622,2016,5,9,22,5/9/2016,$64.05 ,Medical
509201623,2016,5,9,23,5/9/2016,$26.58 ,Medical
509201624,2016,5,9,24,5/9/2016,$2.12 ,Medical
509201625,2016,5,9,25,5/9/2016,$110.81 ,Medical
501201626,2016,5,1,26,5/1/2016,$60.43 ,Groceries
510201627,2016,5,10,27,5/10/2016,$591.00 ,Vision
510201628,2016,5,10,28,5/10/2016,$9.40 ,Necessities
510201629,2016,5,10,29,5/10/2016,$3.71 ,Food
512201630,2016,5,12,30,5/12/2016,$11.70 ,Food
513201631,2016,5,13,31,5/13/2016,$2.15 ,Travel
513201632,2016,5,13,32,5/13/2016,$33.00 ,Travel
515201633,2016,5,15,33,5/15/2016,$33.01 ,Travel
515201634,2016,5,15,34,5/15/2016,$49.63 ,Groceries
516201635,2016,5,16,35,5/16/2016,$69.38 ,Groceries
507201636,2016,5,7,36,5/7/2016,$135.00 ,Variances
517201637,2016,5,17,37,5/17/2016,$2.97 ,Travel
518201638,2016,5,18,38,5/18/2016,$12.49 ,Necessities
518201639,2016,5,18,39,5/18/2016,$2.49 ,Variances
518201640,2016,5,18,40,5/18/2016,$11.45 ,Variances
518201641,2016,5,18,41,5/18/2016,$2.69 ,Variances
522201642,2016,5,22,42,5/22/2016,$29.00 ,Travel
525201643,2016,5,25,43,5/25/2016,$4.24 ,Social
520201644,2016,5,20,44,5/20/2016,$4.27 ,Travel
526201645,2016,5,26,45,5/26/2016,$40.00 ,Withdrawal
520201646,2016,5,20,46,5/20/2016,$2.69 ,Travel
527201647,2016,5,27,47,5/27/2016,$54.99 ,Social
527201648,2016,5,27,48,5/27/2016,$49.00 ,Variances
527201649,2016,5,27,49,5/27/2016,$7.23 ,Social
503201650,2016,5,3,50,5/3/2016,$8.70 ,Food
509201651,2016,5,9,51,5/9/2016,$1.69 ,Food
516201652,2016,5,16,52,5/16/2016,$11.77 ,Food
516201653,2016,5,16,53,5/16/2016,$4.41 ,Food
519201654,2016,5,19,54,5/19/2016,$8.70 ,Food
526201655,2016,5,26,55,5/26/2016,$4.03 ,Food
527201656,2016,5,27,56,5/27/2016,$1.69 ,Food
519201657,2016,5,19,57,5/19/2016,$6.03 ,Food
527201658,2016,5,27,58,5/27/2016,$355.80 ,Medical
602201659,2016,6,2,59,6/2/2016,($17.72),Variances
530201660,2016,5,30,60,5/30/2016,$37.69 ,Groceries
530201661,2016,5,30,61,5/30/2016,$9.50 ,Social
528201662,2016,5,28,62,5/28/2016,$36.98 ,Groceries
62320161,2016,6,23,1,6/23/2016,$31.79 ,Big Skyy
61420162,2016,6,14,2,6/14/2016,$49.40 ,Eversource - Electric
60420163,2016,6,4,3,6/4/2016,$50.63 ,Xfinity - Internet
60120164,2016,6,1,4,6/1/2016,$70.00 ,Parking Garage
71720165,2016,7,17,5,7/17/2016,$32.00 ,Cell Phone Plan
71720166,2016,7,17,6,7/17/2016,$68.00 ,Car Insurance
61520167,2016,6,15,7,6/15/2016,$39.00 ,YMCA
60320168,2016,6,3,8,6/3/2016,$159.42 ,Variances
60520169,2016,6,5,9,6/5/2016,$32.30 ,Groceries
601201610,2016,6,1,10,6/1/2016,$88.43 ,Groceries
601201611,2016,6,1,11,6/1/2016,$29.01 ,Travel
601201612,2016,6,1,12,6/1/2016,$29.97 ,Necessities
604201613,2016,6,4,13,6/4/2016,$95.29 ,Variances
605201614,2016,6,5,14,6/5/2016,$60.55 ,Variances
605201615,2016,6,5,15,6/5/2016,$44.01 ,Groceries
605201616,2016,6,5,16,6/5/2016,$22.24 ,Groceries
605201617,2016,6,5,17,6/5/2016,($149.42),Variances
611201618,2016,6,11,18,6/11/2016,$10.00 ,Variances
612201619,2016,6,12,19,6/12/2016,$15.00 ,Social
603201620,2016,6,3,20,6/3/2016,$8.70 ,Food
613201621,2016,6,13,21,6/13/2016,$9.76 ,Food
628201622,2016,6,28,22,6/28/2016,$20.00 ,Necessities
609201623,2016,6,9,23,6/9/2016,$4.05 ,Social
610201624,2016,6,10,24,6/10/2016,$2.35 ,Travel
612201625,2016,6,12,25,6/12/2016,$69.80 ,Groceries
614201626,2016,6,14,26,6/14/2016,$4.00 ,Social
615201627,2016,6,15,27,6/15/2016,$31.00 ,Necessities
617201628,2016,6,17,28,6/17/2016,$28.00 ,Social
618201629,2016,6,18,29,6/18/2016,$26.98 ,Travel
618201630,2016,6,18,30,6/18/2016,$4.14 ,Necessities
618201631,2016,6,18,31,6/18/2016,$10.60 ,Travel
618201632,2016,6,18,32,6/18/2016,$7.28 ,Travel
619201633,2016,6,19,33,6/19/2016,$67.50 ,Groceries
619201634,2016,6,19,34,6/19/2016,$14.26 ,Groceries
619201635,2016,6,19,35,6/19/2016,$27.02 ,Travel
624201636,2016,6,24,36,6/24/2016,$17.43 ,Necessities
623201637,2016,6,23,37,6/23/2016,$7.23 ,Food
624201638,2016,6,24,38,6/24/2016,$5.49 ,Groceries
628201639,2016,6,28,39,6/28/2016,$44.27 ,Groceries
626201640,2016,6,26,40,6/26/2016,$23.70 ,Groceries
627201641,2016,6,27,41,6/27/2016,$8.86 ,Groceries
626201642,2016,6,26,42,6/26/2016,$27.10 ,Food
629201643,2016,6,29,43,6/29/2016,($6.00),Variances
629201644,2016,6,29,44,6/29/2016,($5.58),Variances
703201645,2016,7,3,45,7/3/2016,($21.81),Variances
72320161,2016,7,23,1,7/23/2016,$31.79 ,Big Skyy
72320162,2016,7,23,2,7/23/2016,$31.67 ,Eversource - Electric
70120163,2016,7,1,3,7/1/2016,$27.62 ,Xfinity - Internet
70120164,2016,7,1,4,7/1/2016,$70.00 ,Parking Garage
71720165,2016,7,17,5,7/17/2016,$32.00 ,Cell Phone Plan
71720166,2016,7,17,6,7/17/2016,$68.00 ,Car Insurance
71520167,2016,7,15,7,7/15/2016,$39.00 ,YMCA
70120168,2016,7,1,8,7/1/2016,$50.00 ,Variances
70220169,2016,7,2,9,7/2/2016,$6.37 ,Food
702201610,2016,7,2,10,7/2/2016,$7.44 ,Groceries
704201611,2016,7,4,11,7/4/2016,$4.45 ,Food
704201612,2016,7,4,12,7/4/2016,$2.00 ,Social
705201613,2016,7,5,13,7/5/2016,$5.98 ,Groceries
706201614,2016,7,6,14,7/6/2016,$20.42 ,Necessities
710201615,2016,7,10,15,7/10/2016,$2.75 ,Food
709201616,2016,7,9,16,7/9/2016,$14.88 ,Food
704201617,2016,7,4,17,7/4/2016,$1.69 ,Food
719201618,2016,7,19,18,7/19/2016,$11.63 ,Medical
719201619,2016,7,19,19,7/19/2016,$44.21 ,Variances
705201620,2016,7,5,20,7/5/2016,$15.04 ,Eversource - Electric
719201621,2016,7,19,21,7/19/2016,$64.85 ,Variances
730201622,2016,7,30,22,7/30/2016,$29.78 ,Food
720201623,2016,7,20,23,7/20/2016,$7.23 ,Food
717201624,2016,7,17,24,7/17/2016,$53.15 ,Variances
717201625,2016,7,17,25,7/17/2016,$51.74 ,Groceries
704201626,2016,7,4,26,7/4/2016,$61.17 ,Groceries
704201627,2016,7,4,27,7/4/2016,$13.79 ,Groceries
704201628,2016,7,4,28,7/4/2016,$40.65 ,Groceries
710201629,2016,7,10,29,7/10/2016,$37.17 ,Groceries
710201630,2016,7,10,30,7/10/2016,$20.25 ,Groceries
716201631,2016,7,16,31,7/16/2016,$18.61 ,Social
717201632,2016,7,17,32,7/17/2016,$54.40 ,Groceries
731201633,2016,7,31,33,7/31/2016,$37.58 ,Groceries
731201634,2016,7,31,34,7/31/2016,$22.82 ,Groceries
731201635,2016,7,31,35,7/31/2016,$6.00 ,Groceries
801201636,2016,8,1,36,8/1/2016,($16.60),Variances
708201637,2016,7,8,37,7/8/2016,$9.39 ,Social
714201638,2016,7,14,38,7/14/2016,$7.23 ,Food
715201639,2016,7,15,39,7/15/2016,$14.46 ,Food
715201640,2016,7,15,40,7/15/2016,$15.10 ,Variances
716201641,2016,7,16,41,7/16/2016,$4.99 ,Groceries
717201642,2016,7,17,42,7/17/2016,$5.41 ,Groceries
717201643,2016,7,17,43,7/17/2016,$22.33 ,Food
718201644,2016,7,18,44,7/18/2016,$1.05 ,Food
719201645,2016,7,19,45,7/19/2016,$1.05 ,Food
720201646,2016,7,20,46,7/20/2016,$1.05 ,Food
717201647,2016,7,17,47,7/17/2016,$27.00 ,Necessities
720201648,2016,7,20,48,7/20/2016,$44.21 ,Comcast
719201649,2016,7,19,49,7/19/2016,$20.00 ,Withdrawal
123120171,2017,12,31,1,12/31/2017,$45.00 ,Eversource - Electric
123120172,2017,12,31,2,12/31/2017,$27.82 ,Xfinity - Internet
80120163,2016,8,1,3,8/1/2016,$70.00 ,Parking Garage
71720164,2016,7,17,4,7/17/2016,$32.00 ,Cell Phone Plan
71720165,2016,7,17,5,7/17/2016,$68.00 ,Car Insurance
81520166,2016,8,15,6,8/15/2016,$39.00 ,YMCA
80520167,2016,8,5,7,8/5/2016,$61.00 ,Social
80420168,2016,8,4,8,8/4/2016,$99.00 ,Variances
80220169,2016,8,2,9,8/2/2016,$3.49 ,Groceries
814201610,2016,8,14,10,8/14/2016,$41.69 ,Groceries
814201611,2016,8,14,11,8/14/2016,$9.08 ,Necessities
806201612,2016,8,6,12,8/6/2016,$38.51 ,Groceries
814201613,2016,8,14,13,8/14/2016,$7.23 ,Food
731201614,2016,7,31,14,7/31/2016,$14.46 ,Food
813201615,2016,8,13,15,8/13/2016,$31.89 ,Variances
814201616,2016,8,14,16,8/14/2016,$52.97 ,Groceries
814201617,2016,8,14,17,8/14/2016,$30.92 ,Groceries
814201618,2016,8,14,18,8/14/2016,$3.00 ,Social
806201619,2016,8,6,19,8/6/2016,$53.04 ,Groceries
813201620,2016,8,13,20,8/13/2016,$6.04 ,Social
812201621,2016,8,12,21,8/12/2016,$15.77 ,Social
813201622,2016,8,13,22,8/13/2016,$7.98 ,Social
820201623,2016,8,20,23,8/20/2016,$19.93 ,Food
819201624,2016,8,19,24,8/19/2016,$7.23 ,Food
827201625,2016,8,27,25,8/27/2016,$167.17 ,Variances
809201626,2016,8,9,26,8/9/2016,$81.44 ,Variances
821201627,2016,8,21,27,8/21/2016,$79.89 ,Groceries
821201628,2016,8,21,28,8/21/2016,$36.17 ,Groceries
821201629,2016,8,21,29,8/21/2016,$40.87 ,Groceries
818201630,2016,8,18,30,8/18/2016,$1.05 ,Food
816201631,2016,8,16,31,8/16/2016,$1.06 ,Food
809201632,2016,8,9,32,8/9/2016,$6.22 ,Medical
809201633,2016,8,9,33,8/9/2016,$88.30 ,Medical
826201634,2016,8,26,34,8/26/2016,$10.00 ,Variances
825201635,2016,8,25,35,8/25/2016,$14.88 ,Food
824201636,2016,8,24,36,8/24/2016,$32.00 ,Necessities
817201637,2016,8,17,37,8/17/2016,$2.01 ,Food
816201638,2016,8,16,38,8/16/2016,$15.10 ,Variances
810201639,2016,8,10,39,8/10/2016,$1.05 ,Food
814201640,2016,8,14,40,8/14/2016,$6.50 ,Variances
807201641,2016,8,7,41,8/7/2016,$25.50 ,Travel
827201642,2016,8,27,42,8/27/2016,$3.52 ,Travel
829201643,2016,8,29,43,8/29/2016,$7.00 ,Travel
828201644,2016,8,28,44,8/28/2016,$20.00 ,Withdrawal
830201645,2016,8,30,45,8/30/2016,$21.47 ,Groceries
830201646,2016,8,30,46,8/30/2016,$66.42 ,Groceries
830201647,2016,8,30,47,8/30/2016,$58.62 ,Groceries
821201648,2016,8,21,48,8/21/2016,$120.41 ,Medical
831201649,2016,8,31,49,8/31/2016,($170.62),Groceries
831201650,2016,8,31,50,8/31/2016,($31.49),Variances
810201651,2016,8,10,51,8/10/2016,$2.25 ,Groceries
821201652,2016,8,21,52,8/21/2016,$7.57 ,Variances
828201653,2016,8,28,53,8/28/2016,$16.67 ,Medical
92320161,2016,9,23,1,9/23/2016,$44.72 ,Eversource - Electric
93020162,2016,9,30,2,9/30/2016, $-   ,Xfinity - Internet
90120163,2016,9,1,3,9/1/2016,$70.00 ,Parking Garage
101720164,2016,10,17,4,10/17/2016,$32.00 ,Cell Phone Plan
101720165,2016,10,17,5,10/17/2016,$68.00 ,Car Insurance
91520166,2016,9,15,6,9/15/2016,$39.00 ,YMCA
100520167,2016,10,5,7,10/5/2016, $-   ,HBO Go
91620168,2016,9,16,8,9/16/2016,$15.10 ,Audible
90420169,2016,9,4,9,9/4/2016,$23.00 ,Social
905201610,2016,9,5,10,9/5/2016,$10.08 ,Social
909201611,2016,9,9,11,9/9/2016,$38.25 ,Social
916201612,2016,9,16,12,9/16/2016,$15.53 ,Necessities
915201613,2016,9,15,13,9/15/2016,$8.32 ,Food
911201614,2016,9,11,14,9/11/2016,$7.23 ,Food
910201615,2016,9,10,15,9/10/2016,$2.65 ,Food
909201616,2016,9,9,16,9/9/2016,$7.23 ,Food
908201617,2016,9,8,17,9/8/2016,$7.23 ,Food
914201618,2016,9,14,18,9/14/2016,$22.33 ,Food
906201619,2016,9,6,19,9/6/2016,$12.49 ,Groceries
924201620,2016,9,24,20,9/24/2016,$54.62 ,Groceries
911201621,2016,9,11,21,9/11/2016,$73.62 ,Groceries
905201622,2016,9,5,22,9/5/2016,$31.30 ,Groceries
904201623,2016,9,4,23,9/4/2016,$30.82 ,Social
905201624,2016,9,5,24,9/5/2016,$57.07 ,Groceries
924201625,2016,9,24,25,9/24/2016,$57.83 ,Groceries
921201626,2016,9,21,26,9/21/2016,$20.00 ,Withdrawal
923201627,2016,9,23,27,9/23/2016,$10.00 ,Social
930201628,2016,9,30,28,9/30/2016,$40.00 ,Withdrawal
927201629,2016,9,27,29,9/27/2016,$31.85 ,Variances
928201630,2016,9,28,30,9/28/2016,$103.89 ,Variances
929201631,2016,9,29,31,9/29/2016,$12.36 ,Groceries
930201632,2016,9,30,32,9/30/2016,$3.04 ,Food
930201633,2016,9,30,33,9/30/2016,$7.34 ,Food
914201634,2016,9,14,34,9/14/2016,$1.05 ,Food
913201635,2016,9,13,35,9/13/2016,$9.02 ,Groceries
904201636,2016,9,4,36,9/4/2016,$9.75 ,Food
904201637,2016,9,4,37,9/4/2016,$14.00 ,Social
901201638,2016,9,1,38,9/1/2016,$10.99 ,Variances
901201639,2016,9,1,39,9/1/2016,$7.99 ,Variances
830201640,2016,8,30,40,8/30/2016,$1.05 ,Food
927201641,2016,9,27,41,9/27/2016,$167.16 ,Udacity
913201642,2016,9,13,42,9/13/2016,$2.00 ,Medical
930201643,2016,9,30,43,9/30/2016,$105.00 ,Variances
1001201644,2016,10,1,44,10/1/2016,($21.27),Variances
930201645,2016,9,30,45,9/30/2016,$52.00 ,Variances
110520161,2016,11,5,1,11/5/2016, $-   ,Eversource - Electric
110520162,2016,11,5,2,11/5/2016, $-   ,Xfinity - Internet
100120163,2016,10,1,3,10/1/2016,$70.00 ,Parking Garage
101720164,2016,10,17,4,10/17/2016,$32.00 ,Cell Phone Plan
101720165,2016,10,17,5,10/17/2016,$68.00 ,Car Insurance
101520166,2016,10,15,6,10/15/2016,$39.00 ,YMCA
100520167,2016,10,5,7,10/5/2016, $-   ,HBO Go
101620168,2016,10,16,8,10/16/2016, $-   ,Audible
100220169,2016,10,2,9,10/2/2016,($60.00),Variances
1004201610,2016,10,4,10,10/4/2016,$3.78 ,Food
1005201611,2016,10,5,11,10/5/2016,$3.78 ,Food
1010201612,2016,10,10,12,10/10/2016,$61.03 ,Groceries
1002201613,2016,10,2,13,10/2/2016,$62.48 ,Groceries
1002201614,2016,10,2,14,10/2/2016,$4.39 ,Groceries
1002201615,2016,10,2,15,10/2/2016,$11.00 ,Groceries
1013201616,2016,10,13,16,10/13/2016,$15.00 ,Food
1010201617,2016,10,10,17,10/10/2016,$38.33 ,Groceries
1010201618,2016,10,10,18,10/10/2016,$7.23 ,Food
1014201619,2016,10,14,19,10/14/2016,$37.80 ,Groceries
1016201620,2016,10,16,20,10/16/2016,$53.07 ,Groceries
1017201621,2016,10,17,21,10/17/2016,$11.63 ,Medical
1015201622,2016,10,15,22,10/15/2016,$57.39 ,Variances
1017201623,2016,10,17,23,10/17/2016,$69.11 ,Variances
1019201624,2016,10,19,24,10/19/2016,$22.85 ,Variances
1023201625,2016,10,23,25,10/23/2016,$11.00 ,Travel
1024201626,2016,10,24,26,10/24/2016,$31.50 ,Necessities
1025201627,2016,10,25,27,10/25/2016,$180.00 ,Variances
1028201628,2016,10,28,28,10/28/2016,$22.00 ,Social
1026201629,2016,10,26,29,10/26/2016,$23.14 ,Social
1030201630,2016,10,30,30,10/30/2016,$14.00 ,Social
1029201631,2016,10,29,31,10/29/2016,$31.50 ,Travel
1027201632,2016,10,27,32,10/27/2016,$26.57 ,Social
1028201633,2016,10,28,33,10/28/2016,$4.52 ,Travel
1031201634,2016,10,31,34,10/31/2016,$7.23 ,Food
1028201635,2016,10,28,35,10/28/2016,$29.78 ,Food
1031201636,2016,10,31,36,10/31/2016,($30.00),Food
1031201637,2016,10,31,37,10/31/2016,($28.99),Variances
1027201638,2016,10,27,38,10/27/2016,$167.16 ,Udacity
1027201639,2016,10,27,39,10/27/2016,$10.00 ,Variances
1002201640,2016,10,2,40,10/2/2016,$3.99 ,Food
1003201641,2016,10,3,41,10/3/2016,$30.00 ,Necessities
1012201642,2016,10,12,42,10/12/2016,$8.30 ,Food
1016201643,2016,10,16,43,10/16/2016,$30.22 ,Necessities
1101201644,2016,11,1,44,11/1/2016,$28.37 ,Variances
1024201645,2016,10,24,45,10/24/2016,$7.23 ,Food
1023201646,2016,10,23,46,10/23/2016,$7.47 ,Food
112120161,2016,11,21,1,11/21/2016, $-   ,Eversource - Electric
113020162,2016,11,30,2,11/30/2016, $-   ,Xfinity - Internet
110120163,2016,11,1,3,11/1/2016,$70.00 ,Parking Garage
121420164,2016,12,14,4,12/14/2016,$32.00 ,Cell Phone Plan
121420165,2016,12,14,5,12/14/2016,$68.00 ,Car Insurance
111520166,2016,11,15,6,11/15/2016,$39.00 ,YMCA
113020167,2016,11,30,7,11/30/2016, $-   ,HBO Go
112720168,2016,11,27,8,11/27/2016,$167.17 ,Udacity
120320169,2016,12,3,9,12/3/2016,$20.00 ,Variances
1110201610,2016,11,10,10,11/10/2016,$85.00 ,Variances
1107201611,2016,11,7,11,11/7/2016,$51.00 ,Social
1130201712,2017,11,30,12,11/30/2017, $-   ,Groceries
1130201713,2017,11,30,13,11/30/2017, $-   ,Variances
1101201614,2016,11,1,14,11/1/2016,$25.00 ,Groceries
1106201615,2016,11,6,15,11/6/2016,$5.99 ,Groceries
1108201616,2016,11,8,16,11/8/2016,$55.67 ,Groceries
1112201617,2016,11,12,17,11/12/2016,$63.97 ,Groceries
1111201618,2016,11,11,18,11/11/2016,$7.23 ,Food
1112201619,2016,11,12,19,11/12/2016,$15.90 ,Travel
1113201620,2016,11,13,20,11/13/2016,$12.00 ,Medical
1105201621,2016,11,5,21,11/5/2016,$57.03 ,Variances
1128201622,2016,11,28,22,11/28/2016,$9.62 ,Food
1130201723,2017,11,30,23,11/30/2017,$6.13 ,Social
1116201624,2016,11,16,24,11/16/2016,$4.99 ,Groceries
1126201625,2016,11,26,25,11/26/2016,$16.27 ,Travel
1125201626,2016,11,25,26,11/25/2016, $-   ,Social
1123201627,2016,11,23,27,11/23/2016,$7.64 ,Medical
1123201628,2016,11,23,28,11/23/2016,$7.23 ,Food
1123201629,2016,11,23,29,11/23/2016,$15.03 ,Social
1122201630,2016,11,22,30,11/22/2016, $-   ,Social
1231201731,2017,12,31,31,12/31/2017, $-   ,Social
1119201632,2016,11,19,32,11/19/2016,$25.00 ,Necessities
1122201633,2016,11,22,33,11/22/2016,$30.00 ,Necessities
1118201634,2016,11,18,34,11/18/2016, $-   ,Social
1110201635,2016,11,10,35,11/10/2016,$32.51 ,Necessities
1109201636,2016,11,9,36,11/9/2016,$32.70 ,Social
1112201637,2016,11,12,37,11/12/2016,$29.01 ,Travel
1128201638,2016,11,28,38,11/28/2016,$20.00 ,Variances
1113201639,2016,11,13,39,11/13/2016,$2.99 ,Groceries
1130201640,2016,11,30,40,11/30/2016,($5.00),Necessities
1130201641,2016,11,30,41,11/30/2016,($15.00),Necessities
1130201642,2016,11,30,42,11/30/2016,($17.00),Social
1130201643,2016,11,30,43,11/30/2016,($17.00),Social
1130201644,2016,11,30,44,11/30/2016,($17.00),Social
1117201645,2016,11,17,45,11/17/2016,$4.78 ,Medical
1201201646,2016,12,1,46,12/1/2016,($15.36),Variances
121320161,2016,12,13,1,12/13/2016,$19.12 ,Eversource - Electric
113020162,2016,11,30,2,11/30/2016,$27.81 ,Xfinity - Internet
110120163,2016,11,1,3,11/1/2016,$70.00 ,Parking Garage
121420164,2016,12,14,4,12/14/2016,$32.00 ,Cell Phone Plan
121420165,2016,12,14,5,12/14/2016,$68.00 ,Car Insurance
121520166,2016,12,15,6,12/15/2016,$39.00 ,YMCA
122720167,2016,12,27,7,12/27/2016,$167.17 ,Udacity
120520168,2016,12,5,8,12/5/2016,$72.32 ,Variances
120520169,2016,12,5,9,12/5/2016,($104.88),Variances
1229201610,2016,12,29,10,12/29/2016,($200.00),Variances
1125201611,2016,11,25,11,11/25/2016,$78.00 ,Social
1225201612,2016,12,25,12,12/25/2016,$80.00 ,Variances
1229201613,2016,12,29,13,12/29/2016,($20.00),Variances
1229201614,2016,12,29,14,12/29/2016,($15.00),Necessities
1222201615,2016,12,22,15,12/22/2016,$99.00 ,Variances
1219201616,2016,12,19,16,12/19/2016,$12.11 ,Variances
1217201617,2016,12,17,17,12/17/2016,$14.99 ,Variances
1207201618,2016,12,7,18,12/7/2016,$7.23 ,Food
1205201619,2016,12,5,19,12/5/2016,$1.05 ,Food
1130201620,2016,11,30,20,11/30/2016,$20.00 ,Variances
1227201621,2016,12,27,21,12/27/2016,$3.50 ,Food
1223201622,2016,12,23,22,12/23/2016,$18.14 ,Variances
1219201623,2016,12,19,23,12/19/2016,$28.70 ,Variances
1219201624,2016,12,19,24,12/19/2016,$95.72 ,Variances
1214201625,2016,12,14,25,12/14/2016,$30.00 ,Necessities
1122201626,2016,11,22,26,11/22/2016,$17.00 ,Social
1211201627,2016,12,11,27,12/11/2016,$65.00 ,Variances
1203201628,2016,12,3,28,12/3/2016,$3.99 ,Variances
1212201629,2016,12,12,29,12/12/2016,$11.47 ,Groceries
1212201630,2016,12,12,30,12/12/2016,$2.69 ,Groceries
1206201631,2016,12,6,31,12/6/2016,$69.00 ,Travel
1201201632,2016,12,1,32,12/1/2016,$69.50 ,Travel
1201201633,2016,12,1,33,12/1/2016,$80.75 ,Travel
1229201634,2016,12,29,34,12/29/2016,$45.00 ,Variances
1204201635,2016,12,4,35,12/4/2016,$18.20 ,Groceries
1204201636,2016,12,4,36,12/4/2016,$25.70 ,Groceries
1203201637,2016,12,3,37,12/3/2016,$37.26 ,Variances
1209201638,2016,12,9,38,12/9/2016,$1.75 ,Necessities
1209201639,2016,12,9,39,12/9/2016,$6.76 ,Food
1211201640,2016,12,11,40,12/11/2016,$19.31 ,Necessities
1211201641,2016,12,11,41,12/11/2016,$7.23 ,Food
1212201642,2016,12,12,42,12/12/2016,$33.67 ,Groceries
1212201643,2016,12,12,43,12/12/2016,$14.84 ,Groceries
1217201644,2016,12,17,44,12/17/2016,$14.83 ,Food
1218201645,2016,12,18,45,12/18/2016,$18.03 ,Groceries
1218201646,2016,12,18,46,12/18/2016,$17.17 ,Groceries
1218201647,2016,12,18,47,12/18/2016,$8.28 ,Groceries
1222201648,2016,12,22,48,12/22/2016,$7.57 ,HBO Go
1227201649,2016,12,27,49,12/27/2016,$3.92 ,Groceries
1229201650,2016,12,29,50,12/29/2016,$26.00 ,Variances
101201751,2017,1,1,51,1/1/2017,$48.00 ,Travel
1231201652,2016,12,31,52,12/31/2016,$63.03 ,Travel
1231201653,2016,12,31,53,12/31/2016,$13.96 ,Travel
1231201654,2016,12,31,54,12/31/2016,$15.85 ,Travel
1231201655,2016,12,31,55,12/31/2016,$18.02 ,Travel
1231201656,2016,12,31,56,12/31/2016,$11.48 ,Travel
